date,price_median,price_mean,premium_median,dl_median,dl130_count,dl140_count,redeem_watch,verdict,empty_signal
20260818,136.88,166.08,56.93,206.49,4,7,180,估值高位 —— 双低已失效，空仓观望,触发
20260819,135.66,162.29,61.53,210.02,4,7,172,估值高位 —— 双低已失效，空仓观望,触发
20260820,135.6,161.75,58.95,207.74,4,7,176,估值高位 —— 双低已失效，空仓观望,触发
20260821,135.74,161.75,59.43,207.25,4,7,174,估值高位 —— 双低已失效，空仓观望,触发
20260822,135.74,161.75,59.43,207.25,4,7,174,估值高位 —— 双低已失效，空仓观望,触发
20260823,135.74,161.75,59.43,207.25,4,7,174,估值高位 —— 双低已失效，空仓观望,触发
20260824,135.17,160.72,59.37,209.66,4,7,173,估值高位 —— 双低已失效，空仓观望,触发
20260825,136.68,162.49,58.85,209.41,4,7,181,估值高位 —— 双低已失效，空仓观望,触发
20260826,137.08,162.95,59.86,209.48,4,7,185,估值高位 —— 双低已失效，空仓观望,触发
