转债代码,转债名称,转债价格,转债涨跌%,双低值,转股溢价率%,转股价值,正股价,纯债价值,评级,发行规模(亿),剩余年限,剩余本息锚,买入上限,价格超买入上限,锚来源,到期日,存续
113051,节能转债,121.546,-0.71,141.296,19.75,101.5015,3.33,108.6318,AAA,30.0,0.8323066392881588,110.0,115.5,True,条款解析,2027-06-21,True
113048,晶科转债,114.974,-0.26,159.744,44.77,79.4183,4.47,110.8507,AA,30.0,0.6707734428473648,112.0,117.60000000000001,False,条款解析,2027-04-23,True
123114,三角转债,126.536,-0.2,163.976,37.44,92.067,22.69,113.4617,AA-,9.043727,0.758384668035592,113.4617,119.134785,True,纯债价值回退,2027-05-25,True
123119,康泰转2,126.817,1.76,164.327,37.51,92.2243,15.69,110.4527,AA,20.0,0.8980150581793293,110.4527,115.975335,True,纯债价值回退,2027-07-15,True
127034,绿茵转债,121.91,-1.5,169.01999999999998,47.11,82.8724,11.21,111.6244,AA-,7.12,0.6899383983572895,113.0,118.65,True,条款解析,2027-04-30,True
127046,百润转债,129.62,-0.24,171.68,42.06,91.2445,20.33,109.9036,AA,11.28,1.106091718001369,110.0,115.5,True,条款解析,2027-09-29,True
113070,渝水转债,127.185,0.16,172.185,45.0,87.7119,4.72,103.4505,AAA,19.0,4.386036960985626,110.9,116.44500000000001,True,条款解析,2031-01-09,True
113054,绿动转债,122.333,-0.04,173.423,51.09,80.9689,8.67,108.2024,AA+,23.6,1.514031485284052,109.0,114.45,True,条款解析,2028-02-25,True
113067,燃23转债,128.2,-0.16,174.82999999999998,46.63,87.4309,7.24,104.9622,AAA,30.0,2.9322381930184807,108.8,114.24,True,条款解析,2029-07-27,True
110087,天业转债,125.303,0.2,175.88299999999998,50.58,83.2143,5.6,106.6211,AA+,30.0,1.839835728952772,108.0,113.4,True,条款解析,2028-06-23,True
123133,佩蒂转债,129.741,0.43,179.211,49.47,86.8,15.0,114.1503,AA-,7.2,1.3360711841204653,115.0,120.75,True,条款解析,2027-12-22,True
127054,双箭转债,124.9,0.08,182.96,58.06,79.023,6.96,111.1606,AA,5.1364,1.4757015742642026,112.0,117.60000000000001,True,条款解析,2028-02-11,True
110093,神马转债,123.119,0.35,183.56900000000002,60.45,76.7327,8.08,105.612,AAA,30.0,2.568104038329911,108.8,114.24,True,条款解析,2029-03-16,True
127108,太能转债,124.5,-0.16,187.17000000000002,62.67,76.5343,5.54,107.9272,AA+,29.5,4.59958932238193,107.9272,113.32356,True,纯债价值回退,2031-03-28,True
110086,精工转债,123.012,0.52,189.332,66.32,73.9606,4.57,110.775,AA,20.0,1.6700889801505818,110.775,116.31375000000001,True,纯债价值回退,2028-04-22,True
110095,双良转债,116.403,-0.19,189.33300000000003,72.93,67.3139,6.18,106.286,AA-,26.0,2.965092402464066,111.8,117.39,False,条款解析,2029-08-08,True
113652,伟22转债,127.143,0.01,189.44299999999998,62.3,78.3386,19.02,108.332,AA,14.77,1.919233401779603,110.0,115.5,True,条款解析,2028-07-22,True
123216,科顺转债,123.426,0.06,190.946,67.52,73.6762,6.61,111.0062,AA-,21.98,2.954140999315537,116.8,122.64,True,条款解析,2029-08-04,True
110100,龙建转债,122.161,0.3,192.071,69.91,71.8954,4.59,102.2369,AA,10.0,5.420944558521561,113.4,119.07000000000001,True,条款解析,2032-01-22,True
127102,浙建转债,121.998,0.11,192.89800000000002,70.9,71.3864,10.17,105.8498,AA+,10.0,3.345653661875428,111.3,116.865,True,条款解析,2029-12-25,True
127069,小熊转债,129.449,0.51,197.449,68.0,77.0533,43.71,113.069,AA-,5.36,1.9767282683093772,113.069,118.72245000000001,True,纯债价值回退,2028-08-12,True
113682,益丰转债,129.308,0.24,197.788,68.48,76.7494,31.44,107.5507,AA,17.97432,3.5345653661875427,113.3,118.965,True,条款解析,2030-03-04,True
113674,华设转债,128.354,0.65,198.594,70.24,75.3957,6.95,109.7785,AA,4.0,2.915811088295688,113.8,119.49000000000001,True,条款解析,2029-07-21,True
113627,太平转债,115.816,0.22,201.136,85.32,62.4939,20.61,108.4803,AA,8.0,0.8980150581793293,110.0,115.5,True,条款解析,2027-07-15,True
111018,华康转债,124.19,0.08,203.89,79.7,69.1103,15.96,110.8149,AA-,13.03023,3.345653661875428,118.5,124.42500000000001,False,条款解析,2029-12-25,True
113647,禾丰转债,118.678,0.54,206.958,88.28,63.0327,10.09,110.775,AA,15.0,1.6700889801505818,112.0,117.60000000000001,True,条款解析,2028-04-22,True
111004,明新转债,127.121,0.38,207.651,80.53,70.4144,24.37,113.9941,AA-,6.73,1.6071184120465434,115.0,120.75,True,条款解析,2028-03-30,True
123193,海能转债,128.062,0.21,211.192,83.13,69.931,14.5,112.1712,AA-,6.0,2.64476386036961,117.0,122.85000000000001,True,条款解析,2029-04-13,True
113655,欧22转债,121.145,0.05,212.845,91.7,63.1936,51.54,110.1907,AA,20.0,1.9575633127994525,110.1907,115.700235,True,纯债价值回退,2028-08-05,True
113693,志邦转债,125.033,1.42,217.513,92.48,64.9596,11.13,105.227,AA,6.7,4.572210814510609,113.8,119.49000000000001,True,条款解析,2031-03-18,True
123168,惠云转债,127.624,0.34,218.264,90.64,66.946,10.74,113.5125,AA-,4.9,2.2587268993839835,113.5125,119.18812500000001,True,纯债价值回退,2028-11-23,True
113648,巨星转债,116.772,0.02,218.762,101.99,57.81,24.84,108.731,AA-,10.0,1.678302532511978,110.0,115.5,True,条款解析,2028-04-25,True
123192,科思转债,124.927,0.3,221.097,96.17,63.6836,17.32,112.1712,AA-,7.249178,2.64476386036961,117.0,122.85000000000001,True,条款解析,2029-04-13,True
127068,顺博转债,123.651,-0.04,222.77100000000002,99.12,62.1,10.0,105.8448,AA-,8.3,1.9767282683093772,105.8448,111.13704000000001,True,纯债价值回退,2028-08-12,True
123264,双乐转债,123.251,0.04,224.52100000000002,101.27,61.2363,36.4,99.0696,AA-,8.0,5.347022587268994,113.5,119.17500000000001,True,条款解析,2031-12-26,True
113634,珀莱转债,122.866,-0.23,224.68599999999998,101.82,60.8783,94.27,114.4451,AA,7.51713,1.297741273100616,115.0,120.75,True,条款解析,2027-12-08,True
123113,仙乐转债,114.84,0.15,226.67000000000002,111.83,54.2127,31.69,111.6842,AA-,10.248929,0.6598220396988365,113.0,118.65,False,条款解析,2027-04-19,True
113671,武进转债,127.343,0.35,229.243,101.9,63.0711,7.88,107.9349,AA,3.1,2.8856947296372346,107.9349,113.33164500000001,True,纯债价值回退,2029-07-10,True
127085,韵达转债,121.237,0.11,230.807,109.57,57.8491,11.53,106.6121,AA+,24.5,2.639288158795346,109.8,115.29,True,条款解析,2029-04-11,True
113666,爱玛转债,122.12,0.37,234.10000000000002,111.98,57.6093,37.06,108.6584,AA,20.0,2.510609171800137,111.8,117.39,True,条款解析,2029-02-23,True
111009,盛泰转债,123.943,0.65,245.103,121.16,56.0419,10.51,109.2359,AA,7.0118,2.21492128678987,111.8,117.39,True,条款解析,2028-11-07,True
113679,芯能转债,123.763,-0.07,245.973,122.21,55.6972,12.55,111.4935,AA-,8.8,3.1813826146475015,118.5,124.42500000000001,False,条款解析,2029-10-26,True
113700,海天转债,129.497,-0.23,246.077,116.58,59.7905,12.41,102.0901,AA,8.01,5.45927446954141,113.4,119.07000000000001,True,条款解析,2032-02-05,True
127044,蒙娜转债,116.32,-0.12,246.4,130.08,50.5567,19.76,110.0153,AA-,11.6893,0.9856262833675564,110.0153,115.516065,True,纯债价值回退,2027-08-16,True
127062,垒知转债,123.565,-0.01,250.305,126.74,54.4974,7.56,113.3522,AA-,3.963,1.6673511293634498,113.3522,119.01981,True,纯债价值回退,2028-04-21,True
113638,台21转债,124.329,-0.22,252.079,127.75,54.5909,16.01,111.3954,AA,6.0,1.3552361396303902,112.0,117.60000000000001,True,条款解析,2027-12-29,True
111014,李子转债,124.693,0.17,259.33299999999997,134.64,53.1422,18.14,109.9472,AA,6.0,2.830937713894593,113.8,119.49000000000001,True,条款解析,2029-06-20,True
113650,博22转债,124.982,0.88,272.29200000000003,147.31,50.5372,23.27,112.8693,AA-,8.0,1.8617385352498288,115.0,120.75,True,条款解析,2028-07-01,True
123117,健帆转债,113.326,-0.18,278.88599999999997,165.56,42.6737,38.15,108.5867,AA,10.0,0.837782340862423,108.5867,114.016035,False,纯债价值回退,2027-06-23,True
118042,奥维转债,125.319,-0.23,281.619,156.3,48.8947,83.69,111.1464,AA-,11.4,2.97056810403833,117.0,122.85000000000001,True,条款解析,2029-08-10,True
123180,浙矿转债,128.37,0.68,291.13,162.76,48.8548,47.59,112.4648,AA-,3.2,2.5489390828199863,117.0,122.85000000000001,True,条款解析,2029-03-09,True
113660,寿22转债,124.132,0.03,320.892,196.76,41.8295,36.84,110.496,AA-,3.98,2.242299794661191,114.0,119.7,True,条款解析,2028-11-17,True
113670,金23转债,123.175,0.41,320.925,197.75,41.3692,37.54,113.1587,AA,7.7,2.6557152635181382,116.8,122.64,True,条款解析,2029-04-17,True
113633,科沃转债,113.142,0.15,331.352,218.21,35.5553,172.97,109.5883,AA,10.4,1.2758384668035592,110.0,115.5,False,条款解析,2027-11-30,True
118032,建龙转债,124.125,0.36,350.595,226.47,38.0199,71.41,112.4731,AA-,7.0,2.546201232032854,117.0,122.85000000000001,True,条款解析,2029-03-08,True
118005,天奈转债,121.852,0.33,404.37199999999996,282.52,31.8554,99.01,108.8507,AA-,8.3,1.434633812457221,110.0,115.5,True,条款解析,2028-01-27,True
123179,立高转债,121.455,0.0,478.125,356.67,26.5955,94.64,112.7728,AA-,9.5,2.543463381245722,112.7728,118.41144000000001,True,纯债价值回退,2029-03-07,True
